split,n_patients,n_images,Atelectasis_positive_images,Atelectasis_prevalence,Cardiomegaly_positive_images,Cardiomegaly_prevalence,Pleural Effusion_positive_images,Pleural Effusion_prevalence,Pneumothorax_positive_images,Pneumothorax_prevalence,Consolidation_positive_images,Consolidation_prevalence,Edema_positive_images,Edema_prevalence,Pneumonia_positive_images,Pneumonia_prevalence,No Finding_positive_images,No Finding_prevalence
calibration,379,751,127,0.16910785619174434,23,0.03062583222370173,143,0.1904127829560586,81,0.10785619174434088,58,0.07723035952063914,31,0.041278295605858856,15,0.019973368841544607,325,0.43275632490013316
internal_test,379,739,89,0.12043301759133965,26,0.035182679296346414,109,0.14749661705006767,42,0.056833558863328824,41,0.05548037889039242,15,0.02029769959404601,17,0.023004059539918808,375,0.5074424898511503
train,2657,2679,140,0.052258305337812616,39,0.014557670772676373,135,0.05039193729003359,52,0.01941022769690183,34,0.01269130272489735,18,0.006718924972004479,10,0.003732736095558044,1653,0.6170212765957447
validation,380,831,121,0.14560770156438027,39,0.04693140794223827,173,0.20818291215403129,82,0.098676293622142,75,0.09025270758122744,38,0.0457280385078219,32,0.03850782190132371,386,0.4645006016847172


