label,threshold,validation_f1
Atelectasis,0.68,0.34090909090908994
Cardiomegaly,0.65,0.20689655172413435
Pleural Effusion,0.61,0.481848184818481
Pneumothorax,0.65,0.27205882352941074
Consolidation,0.7100000000000001,0.23107569721115445
Edema,0.66,0.1553398058252412
Pneumonia,0.51,0.10666666666666526
No Finding,0.45,0.6766055045871552


