label,threshold,validation_f1
Atelectasis,0.45,0.3317535545023689
Cardiomegaly,0.17,0.2170542635658906
Pleural Effusion,0.51,0.457038391224862
Pneumothorax,0.55,0.2786377708978319
Consolidation,0.25,0.2414578587699311
Edema,0.61,0.22680412371133787
Pneumonia,0.06999999999999999,0.10031347962382413
No Finding,0.5700000000000001,0.6905089408528189


