label,threshold,validation_f1
Atelectasis,0.66,0.3571428571428557
Cardiomegaly,0.75,0.2857142857142823
Pleural Effusion,0.55,0.4615384615384608
Pneumothorax,0.61,0.35042735042734896
Consolidation,0.68,0.250569476082004
Edema,0.6,0.20952380952380853
Pneumonia,0.21000000000000002,0.10389610389610344
No Finding,0.52,0.6856435643564348


